,precision,recall,f1-score,support
Low,0.0,0.0,0.0,3.0
Medium,0.985,1.0,0.9924433249370277,197.0
accuracy,0.985,0.985,0.985,0.985
macro avg,0.4925,0.5,0.49622166246851385,200.0
weighted avg,0.9702249999999999,0.985,0.9775566750629723,200.0
