Model,Task,Accuracy,F1_Macro,F1_Weighted,AUC,MAE,RMSE,R2
LGB_resilience_label,Classification,1.0,1.0,1.0,,,,
CB_resilience_label,Classification,0.985,0.49622166246851385,0.9775566750629723,,,,
LGB_risk_score,Regression,,,,,0.06971148274094364,0.12969592915640996,0.992636167473429
CB_risk_score,Regression,,,,,0.051846154154548234,0.0846943238621859,0.9968597818184027
LGB_resilience_score,Regression,,,,,0.16756750666532239,0.2398799238796852,0.9980917099516935
CB_resilience_score,Regression,,,,,0.18525753955562474,0.2903506642115094,0.9972042249264567
